st_vozlisc,cas
5,1.0068004485219717e-06
10,8.19600245449692e-07
15,7.370006642304361e-07
20,1.1784009984694422e-06
25,9.944007615558803e-07
30,6.845992174930871e-07
35,1.2680000509135426e-06
40,1.1128009646199644e-06
45,9.780007530935108e-07
50,1.3369994121603667e-06